{
    "title" : "마이런 서울 2017 매장리스트" ,
    "categoryList" : [
        {
            "en" : "kyungki",
            "kor" : "경기"
        },
        {
            "en" : "seoul",
            "kor" : "서울"
        },
        {
            "en" : "incheon",
            "kor" : "인천"
        }
    ],
    "addressList" : {
        "all" : [
            {
                "name" : "BCS 광명",
                "address" : "경기도 광명시 오리로 944",
                "phone" : "02-2066-7615"
            } ,
            {
                "name" : "BCS 분당",
                "address" : "경기도 성남시 분당구 분당로 53번길 22",
                "phone" : "031-707-6430"
            } ,
            {
                "name" : "BCS 용인",
                "address" : "경기도 용인시 기흥구 동백중앙로 225-6",
                "phone" : "031-679-0815"
            } ,
            {
                "name" : "BCS 코엑스",
                "address" : "서울시 강남구 영동대로 513 ",
                "phone" : "02-6002-6007"
            } ,
            {
                "name" : "BCS 롯데월드몰",
                "address" : "서울시 송파구 올림픽로 300 롯데월드몰 3층",
                "phone" : "02-3213-4326"
            } ,
            {
                "name" : "BCS 아이에프씨",
                "address" : "서울시 영등포구 여의도동 국제금융로 10 IFC몰 지하 2층 288호 ",
                "phone" : "02-6137-5272"
            } ,
            {
                "name" : "BCC 롯데강남",
                "address" : "서울특별시 강남구 도곡로 401 롯데백화점 7층 ",
                "phone" : "02-531-2756"
            } ,
            {
                "name" : "BCS 청담",
                "address" : "서울특별시 강남구 선릉로 820",
                "phone" : "02-547-7995"
            } ,
            {
                "name" : "BCS 미아",
                "address" : "서울특별시 강북구 도봉로 53",
                "phone" : "02-981-8975"
            } ,
            {
                "name" : "BCC 포도몰",
                "address" : "서울특별시 관악구 신림로 330 508, 509호",
                "phone" : "02-881-8088"
            } ,
            {
                "name" : "BCC 롯데자양",
                "address" : "서울특별시 광진구 능동로 92 롯데백화점 스타시티점 7층 ",
                "phone" : "02-2218-3816"
            } ,
            {
                "name" : "BCC 신세계 강남",
                "address" : "서울특별시 서초구 신반포로 176 신세계백화점 강남점 8층",
                "phone" : "023479-1935"
            } ,
            {
                "name" : "BCC 롯데영등포",
                "address" : "서울특별시 영등포구 경인로 102길 13 롯데백화점 7층 ",
                "phone" : "02-2164-5491"
            } ,
            {
                "name" : "BCS 타임스퀘어",
                "address" : "서울특별시 영등포구 영중로 15 타임스퀘어 3층",
                "phone" : "02-2638-2651"
            } ,
            {
                "name" : "BCC 신세계 영등포",
                "address" : "서울특별시 영등포구 영중로 9 신세계백화점  3층",
                "phone" : "02-2639-1563"
            } ,
            {
                "name" : "BCC 롯데은평",
                "address" : "서울특별시 은평구 통일로 1050 롯데몰은평 2층",
                "phone" : "02-6975-5207"
            } ,
            {
                "name" : "BCC 롯데명동 영플라자",
                "address" : "서울특별시 중구 남대문로 67 롯데영플라자 4층 ",
                "phone" : "02-2118-5408"
            } ,
            {
                "name" : "BCC 롯데명동 APP",
                "address" : "서울특별시 중구 남대문로81 롯데백화점 7층",
                "phone" : "02-772-3753"
            } ,
            {
                "name" : "BCC 롯데명동 FW",
                "address" : "서울특별시 중구 남대문로81 롯데백화점 7층",
                "phone" : "02-772-3730"
            } ,
            {
                "name" : "BCS 명동",
                "address" : "서울특별시 중구 명동8길 40",
                "phone" : "02-756-7535"
            } ,
            {
                "name" : "BCC 신세계 명동",
                "address" : "서울특별시 중구 소공로63 신세계백화점 4층",
                "phone" : "02-310-1571"
            } ,
            {
                "name" : "BCS 송도",
                "address" : "인천시 연수구 송도과학로 16번길 33-3, 119, 120, 216, 217호 (송도동,트리플스트리트C동)",
                "phone" : "032-310-9556~8"
            } ,
            {
                "name" : "화정",
                "address" : "경기 고양시 덕양구 화신로260번지 58",
                "phone" : "031-974-2280"
            } ,
            {
                "name" : "롯데고양",
                "address" : "경기 고양시 일산동구 중앙로 1036",
                "phone" : "031-443-5513  "
            } ,
            {
                "name" : "롯데일산 SP",
                "address" : "경기 고양시 일산동구 중앙로 1283",
                "phone" : "031-909-3197 "
            } ,
            {
                "name" : "일산덕이",
                "address" : "경기 고양시 일산서구 탄중로 100",
                "phone" : "031-919-3580"
            } ,
            {
                "name" : "현대킨텍스",
                "address" : "경기 고양시 일산서구 호수로 817",
                "phone" : "031-822-3521"
            } ,
            {
                "name" : "구리",
                "address" : "경기 구리시 체육관로 169",
                "phone" : "031-555-8976"
            } ,
            {
                "name" : "산본",
                "address" : "경기 군포시 산본로 323번길 20-21,104호",
                "phone" : "031-398-7776"
            } ,
            {
                "name" : "김포장기아울렛",
                "address" : "경기 김포시 김포대로 1473",
                "phone" : "031-998-7358"
            } ,
            {
                "name" : "엠엔제이 삼패",
                "address" : "경기 남양주시 경강로 367",
                "phone" : "031-577-9380"
            } ,
            {
                "name" : "평내 A",
                "address" : "경기 남양주시 경춘로 1325 슈프림아울렛 101~102호",
                "phone" : "031-594-3975"
            } ,
            {
                "name" : "현대중동",
                "address" : "경기 부천시 원미구 길주로 180",
                "phone" : "032-623-2665"
            } ,
            {
                "name" : "롯데중동",
                "address" : "경기 부천시 원미구 길주로 300",
                "phone" : "032-320-7547"
            } ,
            {
                "name" : "부천역A  ",
                "address" : "경기 부천시 원미구 부천로 26 ",
                "phone" : "032-613-9742"
            } ,
            {
                "name" : "2001아울렛분당",
                "address" : "경기 성남시 분당구 미금일로 154번길 20 ",
                "phone" : "031-786-2803"
            } ,
            {
                "name" : "뉴코아아울렛야탑",
                "address" : "경기 성남시 분당구 야탑로 81번길 11",
                "phone" : "031-780-3853"
            } ,
            {
                "name" : "롯데분당",
                "address" : "경기 성남시 분당구 황새울로200번길 45",
                "phone" : "031-738-2528"
            } ,
            {
                "name" : "NC 수원터미널",
                "address" : "경기 수원시 권선구 경수대로 270",
                "phone" : "031-8065-3771"
            } ,
            {
                "name" : "롯데수원역",
                "address" : "경기 수원시 권선구 세화로 124",
                "phone" : "031-8066-0533"
            } ,
            {
                "name" : "수원아일렛타운",
                "address" : "경기 수원시 장안구 경수대로 950 130호",
                "phone" : "031-245-4888"
            } ,
            {
                "name" : "AK 수원",
                "address" : "경기 수원시 팔달구 덕영대로 924",
                "phone" : "031-240-1452"
            } ,
            {
                "name" : "뉴코아동수원",
                "address" : "경기 수원시 팔달구 인계로154 ",
                "phone" : "070-8800-8500"
            } ,
            {
                "name" : "수원남문",
                "address" : "경기 수원시 팔달구 정조로 757-1",
                "phone" : "031-257-1683"
            } ,
            {
                "name" : "안산시화",
                "address" : "경기 시흥시 중심상가3길 22 104~105호",
                "phone" : "031-319-2463"
            } ,
            {
                "name" : "롯데안산",
                "address" : "경기 안산시 단원구 고잔1길 12",
                "phone" : "031-412-7940"
            } ,
            {
                "name" : "2001아울렛안산",
                "address" : "경기 안산시 단원구 광덕대로 194 B관",
                "phone" : "031-436-4103"
            } ,
            {
                "name" : "안산선부동",
                "address" : "경기 안산시 단원구 선부광장북로 36, 116",
                "phone" : "031-401-2463"
            } ,
            {
                "name" : "안산중앙",
                "address" : "경기 안산시 단원구 중앙대로 907 안산종합상가 3동 3154~3156호",
                "phone" : "031-405-2463"
            } ,
            {
                "name" : "한양대",
                "address" : "경기 안산시 상록구 삼리로 56",
                "phone" : "031-416-1403"
            } ,
            {
                "name" : "상록수",
                "address" : "경기 안산시 상록구 용신로 387,101호",
                "phone" : "031-416-0286"
            } ,
            {
                "name" : "안성",
                "address" : "경기 안성시 중앙로 400-1",
                "phone" : "031-672-3940"
            } ,
            {
                "name" : "인덕원",
                "address" : "경기 안양시 동안구 시민대로 396-1 103호",
                "phone" : "031-424-4514"
            } ,
            {
                "name" : "롯데안양",
                "address" : "경기 안양시 만안구 만안로 244",
                "phone" : "031-463-2533"
            } ,
            {
                "name" : "안양본",
                "address" : "경기 안양시 만안구 안양로 308",
                "phone" : "031-443-5514"
            } ,
            {
                "name" : "전곡",
                "address" : "경기 연천군 전곡읍 온골로 50-1   ",
                "phone" : "031-835-1816"
            } ,
            {
                "name" : "오산폴라리스",
                "address" : "경기 오산시 경기대로 154  120~121호",
                "phone" : "031-375-2772"
            } ,
            {
                "name" : "오산Ｂ",
                "address" : "경기 오산시 오산로 236",
                "phone" : "031-377-6777"
            } ,
            {
                "name" : "동수원프리미엄아울렛",
                "address" : "경기 용인시 기흥구 중부대로 64 a동 7호",
                "phone" : "031-204-1091"
            } ,
            {
                "name" : "죽전",
                "address" : "경기 용인시 수지구 용구대로 2757  ",
                "phone" : "031-264-9601"
            } ,
            {
                "name" : "신세계죽전B",
                "address" : "경기 용인시 수지구 포은대로 536",
                "phone" : "031-695-1898"
            } ,
            {
                "name" : "용인",
                "address" : "경기 용인시 처인구 김량장동 금령로77",
                "phone" : "031-335-8989"
            } ,
            {
                "name" : "신세계의정부 SP",
                "address" : "경기 의정부시 평화로 525",
                "phone" : "031-8082-0634"
            } ,
            {
                "name" : "의정부",
                "address" : "경기 의정부시 행복로 6",
                "phone" : "031-846-7989"
            } ,
            {
                "name" : "이천B ",
                "address" : "경기 이천시 서희로 60번길 6 ",
                "phone" : "031-638-2280   "
            } ,
            {
                "name" : "문산",
                "address" : "경기 파주시 문산읍 문산로 44-1   ",
                "phone" : "031-952-3030"
            } ,
            {
                "name" : "금촌",
                "address" : "경기 파주시 문화로 103",
                "phone" : "031-941-3644"
            } ,
            {
                "name" : "평택 AK",
                "address" : "경기 평택시  평택로51",
                "phone" : "031-646-6523"
            } ,
            {
                "name" : "평택",
                "address" : "경기 평택시 평택2로 6",
                "phone" : "031-653-4747"
            } ,
            {
                "name" : "포천송우",
                "address" : "경기 포천시 소흘읍 호국로 453",
                "phone" : "031-544-6888"
            } ,
            {
                "name" : "스타필드하남",
                "address" : "경기 하남시 미사대로 750",
                "phone" : "031-8072-8404"
            } ,
            {
                "name" : "엔터식스메타폴리스",
                "address" : "경기 화성시 동탄 중앙로 220 A동",
                "phone" : "031-371-5419"
            } ,
            {
                "name" : "봉담트레보시티",
                "address" : "경기 화성시 봉담읍 주석로1174",
                "phone" : "031-227-4020"
            } ,
            {
                "name" : "롯데백화점구리",
                "address" : "경기도 구리시 경춘로 261",
                "phone" : "031-550-7573"
            } ,
            {
                "name" : "롯데피트인산본",
                "address" : "경기도 군포시 번영로 485",
                "phone" : "031-8033-1323"
            } ,
            {
                "name" : "현대판교",
                "address" : "경기도 성남시 분당구 판교역로 4",
                "phone" : "031-5170-1534"
            } ,
            {
                "name" : "성남중앙",
                "address" : "경기도 성남시중원구 산성대로 266",
                "phone" : "031-736-1406"
            } ,
            {
                "name" : "롯데평촌",
                "address" : "경기도 안양시 동안구 시민대로 180",
                "phone" : "031-8086-9524"
            } ,
            {
                "name" : "엠엔제이녹양",
                "address" : "경기도 의정부시 평화로 762",
                "phone" : "031-848-9383"
            } ,
            {
                "name" : "엠엔제이 도곡",
                "address" : "서울 강남구 논현로 170  ",
                "phone" : "02-573-9383"
            } ,
            {
                "name" : "현대무역센터",
                "address" : "서울 강남구 삼성동 테헤란로 517",
                "phone" : "02-3467-8338"
            } ,
            {
                "name" : "현대압구정본점",
                "address" : "서울 강남구 압구정로 165",
                "phone" : "02-3449-5970"
            } ,
            {
                "name" : "둔촌",
                "address" : "서울 강동구 양재대로 1307",
                "phone" : "02-470-2368"
            } ,
            {
                "name" : "명일 C",
                "address" : "서울 강동구 양재대로 1611",
                "phone" : "02-470-6270"
            } ,
            {
                "name" : "현대천호",
                "address" : "서울 강동구 천호대로 1005",
                "phone" : "02-2225-7730"
            } ,
            {
                "name" : "NC강서",
                "address" : "서울 강서구 강서로 56길 17",
                "phone" : "02-2667-9746"
            } ,
            {
                "name" : "롯데김포",
                "address" : "서울 강서구 하늘길 38",
                "phone" : "02-6116-3456 "
            } ,
            {
                "name" : "롯데관악",
                "address" : "서울 관악구 봉천로 209",
                "phone" : "02-3289-8533"
            } ,
            {
                "name" : "테크노마트B ",
                "address" : "서울 광진구 광나루로56길 85",
                "phone" : "02-3424-1510"
            } ,
            {
                "name" : "현대디큐브 HC",
                "address" : "서울 구로구 경인로 662 ",
                "phone" : "02-2210-9439 "
            } ,
            {
                "name" : "AK구로백화점",
                "address" : "서울 구로구 구로중앙로 152",
                "phone" : "02-859-2918"
            } ,
            {
                "name" : "구로마리오아울렛",
                "address" : "서울 금천구 벚꽃로 266",
                "phone" : "02-838-6244"
            } ,
            {
                "name" : "노원B",
                "address" : "서울 노원구 노해로 91길 12-4",
                "phone" : "02-936-9650"
            } ,
            {
                "name" : "롯데청량리",
                "address" : "서울 동대문구 왕산로 214",
                "phone" : "02-3707-1612"
            } ,
            {
                "name" : "청량리",
                "address" : "서울 동대문구 왕산로 230",
                "phone" : "02-962-3739"
            } ,
            {
                "name" : "태평백화점",
                "address" : "서울 동작구 동작대로 115",
                "phone" : "02-595-3415"
            } ,
            {
                "name" : "사당HC",
                "address" : "서울 동작구 사당로 301",
                "phone" : "02-591-3415"
            } ,
            {
                "name" : "신대방A",
                "address" : "서울 동작구 상도로 105",
                "phone" : "02-817-0207"
            } ,
            {
                "name" : "현대신촌",
                "address" : "서울 서대문구 신촌로 83",
                "phone" : "02-3145-2636"
            } ,
            {
                "name" : "돈암",
                "address" : "서울 성북구 동소문로 115-1",
                "phone" : "02-926-4999"
            } ,
            {
                "name" : "현대미아 ",
                "address" : "서울 성북구 동소문로 315",
                "phone" : "02-2117-1651"
            } ,
            {
                "name" : "문정 HC",
                "address" : "서울 송파구 동남로 125 ",
                "phone" : "02-404-2258 "
            } ,
            {
                "name" : "롯데잠실",
                "address" : "서울 송파구 올림픽로 240",
                "phone" : "02-2143-7570"
            } ,
            {
                "name" : "롯데월드",
                "address" : "서울 송파구 올림픽로 240",
                "phone" : "02-2143-1709"
            } ,
            {
                "name" : "NC송파",
                "address" : "서울 송파구 충민로 66 라이프관",
                "phone" : "02-2157-5542"
            } ,
            {
                "name" : "현대시티몰 가든파이브",
                "address" : "서울 송파구 충민로 66 현대몰",
                "phone" : ""
            } ,
            {
                "name" : "현대목동",
                "address" : "서울 양천구 목동동로 257",
                "phone" : "02-2163-3558"
            } ,
            {
                "name" : "화곡A",
                "address" : "서울 양천구 화곡로 49",
                "phone" : "02-2692-5123"
            } ,
            {
                "name" : "이태원 HC",
                "address" : "서울 용산구 이태원로 157",
                "phone" : "02-798-9977"
            } ,
            {
                "name" : "롯데서울역",
                "address" : "서울 용산구 한강대로 405",
                "phone" : "02-6965-2803"
            } ,
            {
                "name" : "현대아이파크백화점",
                "address" : "서울 용산구 한강대로23길 55",
                "phone" : "02-2012-4625"
            } ,
            {
                "name" : "응암",
                "address" : "서울 은평구 응암로 194",
                "phone" : "02-373-4896"
            } ,
            {
                "name" : "연신내A",
                "address" : "서울 은평구 통일로 826",
                "phone" : "02-389-7338"
            } ,
            {
                "name" : "키카롯데동대문",
                "address" : "서울 중구 을지로 264 ",
                "phone" : "02-6262-4016"
            } ,
            {
                "name" : "키카 HC",
                "address" : "서울 중구 을지로 280-2",
                "phone" : "02-2264-0255"
            } ,
            {
                "name" : "두타",
                "address" : "서울 중구 장충단로 275  242",
                "phone" : "02-3398-5420"
            } ,
            {
                "name" : "중랑",
                "address" : "서울 중랑구 망우로 221",
                "phone" : "02-439-9640"
            } ,
            {
                "name" : "면목",
                "address" : "서울 중랑구 면목로 328",
                "phone" : "02-491-0788"
            } ,
            {
                "name" : "롯데백화점노원",
                "address" : "서울시 노원구 동일로 1414",
                "phone" : "02-950-2636"
            } ,
            {
                "name" : "롯데미아",
                "address" : "서울특별시 강북구 도봉로 62 ",
                "phone" : "02-944-2335"
            } ,
            {
                "name" : "현대가산",
                "address" : "서울특별시 금천구 디지털로10길 9",
                "phone" : "02-2136-9929"
            } ,
            {
                "name" : "인천계양",
                "address" : "인천 계양구 계양대로 191",
                "phone" : "032-541-3900"
            } ,
            {
                "name" : "롯데마트계양",
                "address" : "인천 계양구 장제로 822",
                "phone" : "032-551-2092"
            } ,
            {
                "name" : "인천만수",
                "address" : "인천 남동구 백범로 157번길1",
                "phone" : "032-465-4222"
            } ,
            {
                "name" : "롯데인천",
                "address" : "인천 남동구 예술로 148",
                "phone" : "032-450-2677"
            } ,
            {
                "name" : "아리앙스 인천뉴코아아울렛",
                "address" : "인천 남동구 인하로 485",
                "phone" : "032-430-5454"
            } ,
            {
                "name" : "뉴코아인천논현A",
                "address" : "인천 남동구 청능대로 596 ",
                "phone" : "032-454-8353"
            } ,
            {
                "name" : "아이즈빌",
                "address" : "인천 부평구 마장로 489",
                "phone" : "032-523-2277"
            } ,
            {
                "name" : "롯데부평",
                "address" : "인천 부평구 부평문화로 35",
                "phone" : "032-452-2521"
            } ,
            {
                "name" : "동부평 A",
                "address" : "인천 부평구 부평문화로 66길 16",
                "phone" : "032-522-0400"
            } ,
            {
                "name" : "서인천 B",
                "address" : "인천 서구 거북로 96",
                "phone" : "032-572-4222"
            } ,
            {
                "name" : "송도큐브",
                "address" : "인천 연수구 아트센터대로 87 ",
                "phone" : "032-723-6708 "
            } ,
            {
                "name" : "연수스퀘어원",
                "address" : "인천 연수구 청능대로 210",
                "phone" : "032-456-4263"
            } ,
            {
                "name" : "인천신포",
                "address" : "인천 중구 신포로 26-3",
                "phone" : "032-762-4222"
            }
        ],
        "kyungki" : [
            {
                "name" : "BCS 광명",
                "address" : "경기도 광명시 오리로 944",
                "phone" : "02-2066-7615"
            } ,
            {
                "name" : "BCS 분당",
                "address" : "경기도 성남시 분당구 분당로 53번길 22",
                "phone" : "031-707-6430"
            } ,
            {
                "name" : "BCS 용인",
                "address" : "경기도 용인시 기흥구 동백중앙로 225-6",
                "phone" : "031-679-0815"
            } ,
            {
                "name" : "화정",
                "address" : "경기 고양시 덕양구 화신로260번지 58",
                "phone" : "031-974-2280"
            } ,
            {
                "name" : "롯데고양",
                "address" : "경기 고양시 일산동구 중앙로 1036",
                "phone" : "031-443-5513  "
            } ,
            {
                "name" : "롯데일산 SP",
                "address" : "경기 고양시 일산동구 중앙로 1283",
                "phone" : "031-909-3197 "
            } ,
            {
                "name" : "일산덕이",
                "address" : "경기 고양시 일산서구 탄중로 100",
                "phone" : "031-919-3580"
            } ,
            {
                "name" : "현대킨텍스",
                "address" : "경기 고양시 일산서구 호수로 817",
                "phone" : "031-822-3521"
            } ,
            {
                "name" : "구리",
                "address" : "경기 구리시 체육관로 169",
                "phone" : "031-555-8976"
            } ,
            {
                "name" : "산본",
                "address" : "경기 군포시 산본로 323번길 20-21,104호",
                "phone" : "031-398-7776"
            } ,
            {
                "name" : "김포장기아울렛",
                "address" : "경기 김포시 김포대로 1473",
                "phone" : "031-998-7358"
            } ,
            {
                "name" : "엠엔제이 삼패",
                "address" : "경기 남양주시 경강로 367",
                "phone" : "031-577-9380"
            } ,
            {
                "name" : "평내 A",
                "address" : "경기 남양주시 경춘로 1325 슈프림아울렛 101~102호",
                "phone" : "031-594-3975"
            } ,
            {
                "name" : "현대중동",
                "address" : "경기 부천시 원미구 길주로 180",
                "phone" : "032-623-2665"
            } ,
            {
                "name" : "롯데중동",
                "address" : "경기 부천시 원미구 길주로 300",
                "phone" : "032-320-7547"
            } ,
            {
                "name" : "부천역A  ",
                "address" : "경기 부천시 원미구 부천로 26 ",
                "phone" : "032-613-9742"
            } ,
            {
                "name" : "2001아울렛분당",
                "address" : "경기 성남시 분당구 미금일로 154번길 20 ",
                "phone" : "031-786-2803"
            } ,
            {
                "name" : "뉴코아아울렛야탑",
                "address" : "경기 성남시 분당구 야탑로 81번길 11",
                "phone" : "031-780-3853"
            } ,
            {
                "name" : "롯데분당",
                "address" : "경기 성남시 분당구 황새울로200번길 45",
                "phone" : "031-738-2528"
            } ,
            {
                "name" : "NC 수원터미널",
                "address" : "경기 수원시 권선구 경수대로 270",
                "phone" : "031-8065-3771"
            } ,
            {
                "name" : "롯데수원역",
                "address" : "경기 수원시 권선구 세화로 124",
                "phone" : "031-8066-0533"
            } ,
            {
                "name" : "수원아일렛타운",
                "address" : "경기 수원시 장안구 경수대로 950 130호",
                "phone" : "031-245-4888"
            } ,
            {
                "name" : "AK 수원",
                "address" : "경기 수원시 팔달구 덕영대로 924",
                "phone" : "031-240-1452"
            } ,
            {
                "name" : "뉴코아동수원",
                "address" : "경기 수원시 팔달구 인계로154 ",
                "phone" : "070-8800-8500"
            } ,
            {
                "name" : "수원남문",
                "address" : "경기 수원시 팔달구 정조로 757-1",
                "phone" : "031-257-1683"
            } ,
            {
                "name" : "안산시화",
                "address" : "경기 시흥시 중심상가3길 22 104~105호",
                "phone" : "031-319-2463"
            } ,
            {
                "name" : "롯데안산",
                "address" : "경기 안산시 단원구 고잔1길 12",
                "phone" : "031-412-7940"
            } ,
            {
                "name" : "2001아울렛안산",
                "address" : "경기 안산시 단원구 광덕대로 194 B관",
                "phone" : "031-436-4103"
            } ,
            {
                "name" : "안산선부동",
                "address" : "경기 안산시 단원구 선부광장북로 36, 116",
                "phone" : "031-401-2463"
            } ,
            {
                "name" : "안산중앙",
                "address" : "경기 안산시 단원구 중앙대로 907 안산종합상가 3동 3154~3156호",
                "phone" : "031-405-2463"
            } ,
            {
                "name" : "한양대",
                "address" : "경기 안산시 상록구 삼리로 56",
                "phone" : "031-416-1403"
            } ,
            {
                "name" : "상록수",
                "address" : "경기 안산시 상록구 용신로 387,101호",
                "phone" : "031-416-0286"
            } ,
            {
                "name" : "안성",
                "address" : "경기 안성시 중앙로 400-1",
                "phone" : "031-672-3940"
            } ,
            {
                "name" : "인덕원",
                "address" : "경기 안양시 동안구 시민대로 396-1 103호",
                "phone" : "031-424-4514"
            } ,
            {
                "name" : "롯데안양",
                "address" : "경기 안양시 만안구 만안로 244",
                "phone" : "031-463-2533"
            } ,
            {
                "name" : "안양본",
                "address" : "경기 안양시 만안구 안양로 308",
                "phone" : "031-443-5514"
            } ,
            {
                "name" : "전곡",
                "address" : "경기 연천군 전곡읍 온골로 50-1   ",
                "phone" : "031-835-1816"
            } ,
            {
                "name" : "오산폴라리스",
                "address" : "경기 오산시 경기대로 154  120~121호",
                "phone" : "031-375-2772"
            } ,
            {
                "name" : "오산Ｂ",
                "address" : "경기 오산시 오산로 236",
                "phone" : "031-377-6777"
            } ,
            {
                "name" : "동수원프리미엄아울렛",
                "address" : "경기 용인시 기흥구 중부대로 64 a동 7호",
                "phone" : "031-204-1091"
            } ,
            {
                "name" : "죽전",
                "address" : "경기 용인시 수지구 용구대로 2757  ",
                "phone" : "031-264-9601"
            } ,
            {
                "name" : "신세계죽전B",
                "address" : "경기 용인시 수지구 포은대로 536",
                "phone" : "031-695-1898"
            } ,
            {
                "name" : "용인",
                "address" : "경기 용인시 처인구 김량장동 금령로77",
                "phone" : "031-335-8989"
            } ,
            {
                "name" : "신세계의정부 SP",
                "address" : "경기 의정부시 평화로 525",
                "phone" : "031-8082-0634"
            } ,
            {
                "name" : "의정부",
                "address" : "경기 의정부시 행복로 6",
                "phone" : "031-846-7989"
            } ,
            {
                "name" : "이천B ",
                "address" : "경기 이천시 서희로 60번길 6 ",
                "phone" : "031-638-2280   "
            } ,
            {
                "name" : "문산",
                "address" : "경기 파주시 문산읍 문산로 44-1   ",
                "phone" : "031-952-3030"
            } ,
            {
                "name" : "금촌",
                "address" : "경기 파주시 문화로 103",
                "phone" : "031-941-3644"
            } ,
            {
                "name" : "평택 AK",
                "address" : "경기 평택시  평택로51",
                "phone" : "031-646-6523"
            } ,
            {
                "name" : "평택",
                "address" : "경기 평택시 평택2로 6",
                "phone" : "031-653-4747"
            } ,
            {
                "name" : "포천송우",
                "address" : "경기 포천시 소흘읍 호국로 453",
                "phone" : "031-544-6888"
            } ,
            {
                "name" : "스타필드하남",
                "address" : "경기 하남시 미사대로 750",
                "phone" : "031-8072-8404"
            } ,
            {
                "name" : "엔터식스메타폴리스",
                "address" : "경기 화성시 동탄 중앙로 220 A동",
                "phone" : "031-371-5419"
            } ,
            {
                "name" : "봉담트레보시티",
                "address" : "경기 화성시 봉담읍 주석로1174",
                "phone" : "031-227-4020"
            } ,
            {
                "name" : "롯데백화점구리",
                "address" : "경기도 구리시 경춘로 261",
                "phone" : "031-550-7573"
            } ,
            {
                "name" : "롯데피트인산본",
                "address" : "경기도 군포시 번영로 485",
                "phone" : "031-8033-1323"
            } ,
            {
                "name" : "현대판교",
                "address" : "경기도 성남시 분당구 판교역로 4",
                "phone" : "031-5170-1534"
            } ,
            {
                "name" : "성남중앙",
                "address" : "경기도 성남시중원구 산성대로 266",
                "phone" : "031-736-1406"
            } ,
            {
                "name" : "롯데평촌",
                "address" : "경기도 안양시 동안구 시민대로 180",
                "phone" : "031-8086-9524"
            } ,
            {
                "name" : "엠엔제이녹양",
                "address" : "경기도 의정부시 평화로 762",
                "phone" : "031-848-9383"
            }
        ],
        "seoul" : [
            {
                "name" : "BCS 코엑스",
                "address" : "서울시 강남구 영동대로 513 ",
                "phone" : "02-6002-6007"
            } ,
            {
                "name" : "BCS 롯데월드몰",
                "address" : "서울시 송파구 올림픽로 300 롯데월드몰 3층",
                "phone" : "02-3213-4326"
            } ,
            {
                "name" : "BCS 아이에프씨",
                "address" : "서울시 영등포구 여의도동 국제금융로 10 IFC몰 지하 2층 288호 ",
                "phone" : "02-6137-5272"
            } ,
            {
                "name" : "BCC 롯데강남",
                "address" : "서울특별시 강남구 도곡로 401 롯데백화점 7층 ",
                "phone" : "02-531-2756"
            } ,
            {
                "name" : "BCS 청담",
                "address" : "서울특별시 강남구 선릉로 820",
                "phone" : "02-547-7995"
            } ,
            {
                "name" : "BCS 미아",
                "address" : "서울특별시 강북구 도봉로 53",
                "phone" : "02-981-8975"
            } ,
            {
                "name" : "BCC 포도몰",
                "address" : "서울특별시 관악구 신림로 330 508, 509호",
                "phone" : "02-881-8088"
            } ,
            {
                "name" : "BCC 롯데자양",
                "address" : "서울특별시 광진구 능동로 92 롯데백화점 스타시티점 7층 ",
                "phone" : "02-2218-3816"
            } ,
            {
                "name" : "BCC 신세계 강남",
                "address" : "서울특별시 서초구 신반포로 176 신세계백화점 강남점 8층",
                "phone" : "023479-1935"
            } ,
            {
                "name" : "BCC 롯데영등포",
                "address" : "서울특별시 영등포구 경인로 102길 13 롯데백화점 7층 ",
                "phone" : "02-2164-5491"
            } ,
            {
                "name" : "BCS 타임스퀘어",
                "address" : "서울특별시 영등포구 영중로 15 타임스퀘어 3층",
                "phone" : "02-2638-2651"
            } ,
            {
                "name" : "BCC 신세계 영등포",
                "address" : "서울특별시 영등포구 영중로 9 신세계백화점  3층",
                "phone" : "02-2639-1563"
            } ,
            {
                "name" : "BCC 롯데은평",
                "address" : "서울특별시 은평구 통일로 1050 롯데몰은평 2층",
                "phone" : "02-6975-5207"
            } ,
            {
                "name" : "BCC 롯데명동 영플라자",
                "address" : "서울특별시 중구 남대문로 67 롯데영플라자 4층 ",
                "phone" : "02-2118-5408"
            } ,
            {
                "name" : "BCC 롯데명동 APP",
                "address" : "서울특별시 중구 남대문로81 롯데백화점 7층",
                "phone" : "02-772-3753"
            } ,
            {
                "name" : "BCC 롯데명동 FW",
                "address" : "서울특별시 중구 남대문로81 롯데백화점 7층",
                "phone" : "02-772-3730"
            } ,
            {
                "name" : "BCS 명동",
                "address" : "서울특별시 중구 명동8길 40",
                "phone" : "02-756-7535"
            } ,
            {
                "name" : "BCC 신세계 명동",
                "address" : "서울특별시 중구 소공로63 신세계백화점 4층",
                "phone" : "02-310-1571"
            } ,
            {
                "name" : "엠엔제이 도곡",
                "address" : "서울 강남구 논현로 170  ",
                "phone" : "02-573-9383"
            } ,
            {
                "name" : "현대무역센터",
                "address" : "서울 강남구 삼성동 테헤란로 517",
                "phone" : "02-3467-8338"
            } ,
            {
                "name" : "현대압구정본점",
                "address" : "서울 강남구 압구정로 165",
                "phone" : "02-3449-5970"
            } ,
            {
                "name" : "둔촌",
                "address" : "서울 강동구 양재대로 1307",
                "phone" : "02-470-2368"
            } ,
            {
                "name" : "명일 C",
                "address" : "서울 강동구 양재대로 1611",
                "phone" : "02-470-6270"
            } ,
            {
                "name" : "현대천호",
                "address" : "서울 강동구 천호대로 1005",
                "phone" : "02-2225-7730"
            } ,
            {
                "name" : "NC강서",
                "address" : "서울 강서구 강서로 56길 17",
                "phone" : "02-2667-9746"
            } ,
            {
                "name" : "롯데김포",
                "address" : "서울 강서구 하늘길 38",
                "phone" : "02-6116-3456 "
            } ,
            {
                "name" : "롯데관악",
                "address" : "서울 관악구 봉천로 209",
                "phone" : "02-3289-8533"
            } ,
            {
                "name" : "테크노마트B ",
                "address" : "서울 광진구 광나루로56길 85",
                "phone" : "02-3424-1510"
            } ,
            {
                "name" : "현대디큐브 HC",
                "address" : "서울 구로구 경인로 662 ",
                "phone" : "02-2210-9439 "
            } ,
            {
                "name" : "AK구로백화점",
                "address" : "서울 구로구 구로중앙로 152",
                "phone" : "02-859-2918"
            } ,
            {
                "name" : "구로마리오아울렛",
                "address" : "서울 금천구 벚꽃로 266",
                "phone" : "02-838-6244"
            } ,
            {
                "name" : "노원B",
                "address" : "서울 노원구 노해로 91길 12-4",
                "phone" : "02-936-9650"
            } ,
            {
                "name" : "롯데청량리",
                "address" : "서울 동대문구 왕산로 214",
                "phone" : "02-3707-1612"
            } ,
            {
                "name" : "청량리",
                "address" : "서울 동대문구 왕산로 230",
                "phone" : "02-962-3739"
            } ,
            {
                "name" : "태평백화점",
                "address" : "서울 동작구 동작대로 115",
                "phone" : "02-595-3415"
            } ,
            {
                "name" : "사당HC",
                "address" : "서울 동작구 사당로 301",
                "phone" : "02-591-3415"
            } ,
            {
                "name" : "신대방A",
                "address" : "서울 동작구 상도로 105",
                "phone" : "02-817-0207"
            } ,
            {
                "name" : "현대신촌",
                "address" : "서울 서대문구 신촌로 83",
                "phone" : "02-3145-2636"
            } ,
            {
                "name" : "돈암",
                "address" : "서울 성북구 동소문로 115-1",
                "phone" : "02-926-4999"
            } ,
            {
                "name" : "현대미아 ",
                "address" : "서울 성북구 동소문로 315",
                "phone" : "02-2117-1651"
            } ,
            {
                "name" : "문정 HC",
                "address" : "서울 송파구 동남로 125 ",
                "phone" : "02-404-2258 "
            } ,
            {
                "name" : "롯데잠실",
                "address" : "서울 송파구 올림픽로 240",
                "phone" : "02-2143-7570"
            } ,
            {
                "name" : "롯데월드",
                "address" : "서울 송파구 올림픽로 240",
                "phone" : "02-2143-1709"
            } ,
            {
                "name" : "NC송파",
                "address" : "서울 송파구 충민로 66 라이프관",
                "phone" : "02-2157-5542"
            } ,
            {
                "name" : "현대시티몰 가든파이브",
                "address" : "서울 송파구 충민로 66 현대몰",
                "phone" : ""
            } ,
            {
                "name" : "현대목동",
                "address" : "서울 양천구 목동동로 257",
                "phone" : "02-2163-3558"
            } ,
            {
                "name" : "화곡A",
                "address" : "서울 양천구 화곡로 49",
                "phone" : "02-2692-5123"
            } ,
            {
                "name" : "이태원 HC",
                "address" : "서울 용산구 이태원로 157",
                "phone" : "02-798-9977"
            } ,
            {
                "name" : "롯데서울역",
                "address" : "서울 용산구 한강대로 405",
                "phone" : "02-6965-2803"
            } ,
            {
                "name" : "현대아이파크백화점",
                "address" : "서울 용산구 한강대로23길 55",
                "phone" : "02-2012-4625"
            } ,
            {
                "name" : "응암",
                "address" : "서울 은평구 응암로 194",
                "phone" : "02-373-4896"
            } ,
            {
                "name" : "연신내A",
                "address" : "서울 은평구 통일로 826",
                "phone" : "02-389-7338"
            } ,
            {
                "name" : "키카롯데동대문",
                "address" : "서울 중구 을지로 264 ",
                "phone" : "02-6262-4016"
            } ,
            {
                "name" : "키카 HC",
                "address" : "서울 중구 을지로 280-2",
                "phone" : "02-2264-0255"
            } ,
            {
                "name" : "두타",
                "address" : "서울 중구 장충단로 275  242",
                "phone" : "02-3398-5420"
            } ,
            {
                "name" : "중랑",
                "address" : "서울 중랑구 망우로 221",
                "phone" : "02-439-9640"
            } ,
            {
                "name" : "면목",
                "address" : "서울 중랑구 면목로 328",
                "phone" : "02-491-0788"
            } ,
            {
                "name" : "롯데백화점노원",
                "address" : "서울시 노원구 동일로 1414",
                "phone" : "02-950-2636"
            } ,
            {
                "name" : "롯데미아",
                "address" : "서울특별시 강북구 도봉로 62 ",
                "phone" : "02-944-2335"
            } ,
            {
                "name" : "현대가산",
                "address" : "서울특별시 금천구 디지털로10길 9",
                "phone" : "02-2136-9929"
            }
        ],
        "incheon" : [
            {
                "name" : "BCS 송도",
                "address" : "인천시 연수구 송도과학로 16번길 33-3, 119, 120, 216, 217호 (송도동,트리플스트리트C동)",
                "phone" : "032-310-9556~8"
            } ,
            {
                "name" : "인천계양",
                "address" : "인천 계양구 계양대로 191",
                "phone" : "032-541-3900"
            } ,
            {
                "name" : "롯데마트계양",
                "address" : "인천 계양구 장제로 822",
                "phone" : "032-551-2092"
            } ,
            {
                "name" : "인천만수",
                "address" : "인천 남동구 백범로 157번길1",
                "phone" : "032-465-4222"
            } ,
            {
                "name" : "롯데인천",
                "address" : "인천 남동구 예술로 148",
                "phone" : "032-450-2677"
            } ,
            {
                "name" : "아리앙스 인천뉴코아아울렛",
                "address" : "인천 남동구 인하로 485",
                "phone" : "032-430-5454"
            } ,
            {
                "name" : "뉴코아인천논현A",
                "address" : "인천 남동구 청능대로 596 ",
                "phone" : "032-454-8353"
            } ,
            {
                "name" : "아이즈빌",
                "address" : "인천 부평구 마장로 489",
                "phone" : "032-523-2277"
            } ,
            {
                "name" : "롯데부평",
                "address" : "인천 부평구 부평문화로 35",
                "phone" : "032-452-2521"
            } ,
            {
                "name" : "동부평 A",
                "address" : "인천 부평구 부평문화로 66길 16",
                "phone" : "032-522-0400"
            } ,
            {
                "name" : "서인천 B",
                "address" : "인천 서구 거북로 96",
                "phone" : "032-572-4222"
            } ,
            {
                "name" : "송도큐브",
                "address" : "인천 연수구 아트센터대로 87 ",
                "phone" : "032-723-6708 "
            } ,
            {
                "name" : "연수스퀘어원",
                "address" : "인천 연수구 청능대로 210",
                "phone" : "032-456-4263"
            } ,
            {
                "name" : "인천신포",
                "address" : "인천 중구 신포로 26-3",
                "phone" : "032-762-4222"
            }
        ]
    }
}
