{
    "title" : "d" ,
    "categoryList" : [
        {
            "en" : "kyungki",
            "kor" : "경기"
        },
        {
            "en" : "kyungnam",
            "kor" : "경남"
        },
        {
            "en" : "busan",
            "kor" : "부산"
        },
        {
            "en" : "seoul",
            "kor" : "서울"
        },
        {
            "en" : "incheon",
            "kor" : "인천"
        },
        {
            "en" : "chungbuk",
            "kor" : "충북"
        }
    ],
    "addressList" : {
        "all" : [
            {
                "name" : "FO여주",
                "address" : "경기도  여주시 명품로 360 501 ( 상거동 )",
                "phone" : "031-8087-2503 "
            } ,
            {
                "name" : "FO일산",
                "address" : "경기도 고양시 일산 서구 탄중로 101번길 13",
                "phone" : "031-915-0870"
            } ,
            {
                "name" : "FO이천",
                "address" : "경기도 이천시 호법면 프리미엄아울렛로 177-74   청1A08",
                "phone" : "031-887-4725 ~ 6"
            } ,
            {
                "name" : "FO신세계 파주",
                "address" : "경기도 파주시 탄현면 필승로 200",
                "phone" : "031-8071-7252"
            } ,
            {
                "name" : "FO김해",
                "address" : "경상남도 김해시 장유로 469 김해관광유통단지 1B4L번지",
                "phone" : "055-900-2700"
            } ,
            {
                "name" : "FO동부산",
                "address" : "부산광역시 기장군 기장읍 기장해안로 147 롯데백화점 롯데몰 동부산점",
                "phone" : "051-901-2608"
            } ,
            {
                "name" : "FO서면 ",
                "address" : "부산광역시 부산진구 동천로 92 2층",
                "phone" : "051-794-7143"
            } ,
            {
                "name" : "FO부산",
                "address" : "부산시 기장군 장안읍 정관로 1133 300호",
                "phone" : "051-940-1300"
            } ,
            {
                "name" : "FO미아",
                "address" : "서울시 강북구 미아동 도봉로 213 은혜빌딩1층",
                "phone" : "02-987-2431"
            } ,
            {
                "name" : "FO구로",
                "address" : "서울특별시 금천구 디지털로 188 W몰 6층",
                "phone" : "02-2081-0633"
            } ,
            {
                "name" : "FO송도",
                "address" : "인천시 연수구 송도국제대로 123 지상1층  ( 송도동 현대아울렛 ) ",
                "phone" : "032-727-2122 "
            } ,
            {
                "name" : "FO청주",
                "address" : "충청북도 청주시 서원구 청남로1937번길 2 에버 세이브 C동 2층",
                "phone" : "043-285-6545"
            }
        ],
        "kyungki" : [
            {
                "name" : "FO여주",
                "address" : "경기도  여주시 명품로 360 501 ( 상거동 )",
                "phone" : "031-8087-2503 "
            } ,
            {
                "name" : "FO일산",
                "address" : "경기도 고양시 일산 서구 탄중로 101번길 13",
                "phone" : "031-915-0870"
            } ,
            {
                "name" : "FO이천",
                "address" : "경기도 이천시 호법면 프리미엄아울렛로 177-74   청1A08",
                "phone" : "031-887-4725 ~ 6"
            } ,
            {
                "name" : "FO신세계 파주",
                "address" : "경기도 파주시 탄현면 필승로 200",
                "phone" : "031-8071-7252"
            }
        ],
        "kyungnam" : [
            {
                "name" : "FO김해",
                "address" : "경상남도 김해시 장유로 469 김해관광유통단지 1B4L번지",
                "phone" : "055-900-2700"
            }
        ],
        "busan" : [
            {
                "name" : "FO동부산",
                "address" : "부산광역시 기장군 기장읍 기장해안로 147 롯데백화점 롯데몰 동부산점",
                "phone" : "051-901-2608"
            } ,
            {
                "name" : "FO서면 ",
                "address" : "부산광역시 부산진구 동천로 92 2층",
                "phone" : "051-794-7143"
            } ,
            {
                "name" : "FO부산",
                "address" : "부산시 기장군 장안읍 정관로 1133 300호",
                "phone" : "051-940-1300"
            }
        ],
        "seoul" : [
            {
                "name" : "FO미아",
                "address" : "서울시 강북구 미아동 도봉로 213 은혜빌딩1층",
                "phone" : "02-987-2431"
            } ,
            {
                "name" : "FO구로",
                "address" : "서울특별시 금천구 디지털로 188 W몰 6층",
                "phone" : "02-2081-0633"
            }
        ],
        "incheon" : [
            {
                "name" : "FO송도",
                "address" : "인천시 연수구 송도국제대로 123 지상1층  ( 송도동 현대아울렛 ) ",
                "phone" : "032-727-2122 "
            }
        ],
        "chungbuk" : [
            {
                "name" : "FO청주",
                "address" : "충청북도 청주시 서원구 청남로1937번길 2 에버 세이브 C동 2층",
                "phone" : "043-285-6545"
            }
        ]
    }
}
